<?xml version='1.0' encoding='UTF-8'?>
<platforms>
	<platform>
		<name><![CDATA[MySQL]]></name>
		<notes><![CDATA[]]></notes>
	</platform>
	<platform>
		<name><![CDATA[PostgreSQL]]></name>
		<notes><![CDATA[]]></notes>
	</platform>
	<platform>
		<name><![CDATA[Apache Derby]]></name>
		<notes><![CDATA[]]></notes>
	</platform>
	<platform>
		<name><![CDATA[MSSQL]]></name>
		<notes><![CDATA[]]></notes>
	</platform>
	<platform>
		<name><![CDATA[SQLite]]></name>
		<notes><![CDATA[]]></notes>
	</platform>
	<platform>
		<name><![CDATA[EnterpriseDB]]></name>
		<notes><![CDATA[]]></notes>
	</platform>
	<platform>
		<name><![CDATA[Firebird]]></name>
		<notes><![CDATA[]]></notes>
	</platform>
	<platform>
		<name><![CDATA[Ingres]]></name>
		<notes><![CDATA[]]></notes>
	</platform>
	<platform>
		<name><![CDATA[MariaDB]]></name>
		<notes><![CDATA[]]></notes>
	</platform>
	<platform>
		<name><![CDATA[Informix]]></name>
		<notes><![CDATA[]]></notes>
	</platform>
	<platform>
		<name><![CDATA[Oracle]]></name>
		<notes><![CDATA[]]></notes>
	</platform>
	<platform>
		<name><![CDATA[Pervasive]]></name>
		<notes><![CDATA[]]></notes>
	</platform>
	<platform>
		<name><![CDATA[solidDB]]></name>
		<notes><![CDATA[]]></notes>
	</platform>
</platforms>